-- phpMyAdmin SQL Dump
-- version 5.2.0
-- https://www.phpmyadmin.net/
--
-- Host: 127.0.0.1
-- Generation Time: Apr 06, 2023 at 06:33 PM
-- Server version: 10.4.27-MariaDB
-- PHP Version: 8.2.0

SET SQL_MODE = "NO_AUTO_VALUE_ON_ZERO";
START TRANSACTION;
SET time_zone = "+00:00";


/*!40101 SET @OLD_CHARACTER_SET_CLIENT=@@CHARACTER_SET_CLIENT */;
/*!40101 SET @OLD_CHARACTER_SET_RESULTS=@@CHARACTER_SET_RESULTS */;
/*!40101 SET @OLD_COLLATION_CONNECTION=@@COLLATION_CONNECTION */;
/*!40101 SET NAMES utf8mb4 */;

--
-- Database: `asm_php1`
--

-- --------------------------------------------------------

--
-- Table structure for table `category`
--

CREATE TABLE `category` (
  `id` int(11) NOT NULL,
  `name` varchar(50) NOT NULL,
  `created_at` datetime DEFAULT NULL,
  `updated_at` datetime DEFAULT NULL
) ENGINE=InnoDB DEFAULT CHARSET=utf8mb4 COLLATE=utf8mb4_general_ci;

--
-- Dumping data for table `category`
--

INSERT INTO `category` (`id`, `name`, `created_at`, `updated_at`) VALUES
(1, 'Nike', '2021-07-07 11:50:15', '2021-11-07 08:07:44'),
(2, 'Adidas', '2021-07-07 11:50:15', '2021-07-22 16:07:29'),
(3, 'Puma', '2021-07-07 11:50:15', '2021-07-22 16:12:25'),
(48, 'Vans', '2023-03-12 17:46:48', '2023-03-12 17:46:48'),
(49, 'Converse', '2023-03-12 17:45:49', '2023-03-12 17:45:49'),
(51, 'Balenciaga', '2023-03-12 18:09:08', '2023-03-12 18:09:08');

-- --------------------------------------------------------

--
-- Table structure for table `orders`
--

CREATE TABLE `orders` (
  `id` int(11) NOT NULL,
  `fullname` varchar(100) NOT NULL,
  `phone_number` varchar(20) NOT NULL,
  `email` varchar(150) NOT NULL,
  `address` varchar(200) NOT NULL,
  `note` varchar(255) DEFAULT NULL,
  `order_date` datetime DEFAULT NULL
) ENGINE=InnoDB DEFAULT CHARSET=utf8mb4 COLLATE=utf8mb4_general_ci;

--
-- Dumping data for table `orders`
--

INSERT INTO `orders` (`id`, `fullname`, `phone_number`, `email`, `address`, `note`, `order_date`) VALUES
(157, 'Phan Tiến', '0971876233', 'qtien2109@gmail.com', 'tphcm', '', '2023-03-29 22:45:19'),
(158, 'Phan Tiến', '0971876233', 'qtien2109@gmail.com', 'tphcm', '', '2023-03-31 17:31:10'),
(159, 'Phan Tiến', '0971876233', 'qtien2109@gmail.com', 'tphcm', 'giày đẹp', '2023-04-02 17:20:11'),
(160, 'admin', '123456789', 'admin@gmail.com', 'tphcm', '', '2023-04-06 12:36:22'),
(161, 'admin', '123456789', 'admin@gmail.com', 'tphcm', '', '2023-04-06 13:03:30'),
(162, 'Phan Quang Tiến', '123456789', 'qtien@gmail.com', 'tphcm', 'giày', '2023-04-06 17:16:51');

-- --------------------------------------------------------

--
-- Table structure for table `order_details`
--

CREATE TABLE `order_details` (
  `id` int(11) NOT NULL,
  `order_id` int(11) NOT NULL,
  `product_id` int(11) NOT NULL,
  `id_user` int(11) NOT NULL,
  `num` int(11) NOT NULL,
  `price` float NOT NULL,
  `status` varchar(255) CHARACTER SET utf8 COLLATE utf8_general_ci NOT NULL
) ENGINE=InnoDB DEFAULT CHARSET=utf8mb4 COLLATE=utf8mb4_general_ci;

--
-- Dumping data for table `order_details`
--

INSERT INTO `order_details` (`id`, `order_id`, `product_id`, `id_user`, `num`, `price`, `status`) VALUES
(169, 158, 44, 60, 1, 3959000, 'Đã nhận hàng'),
(170, 158, 56, 60, 1, 16583000, 'Đã nhận hàng'),
(171, 159, 54, 60, 1, 5000000, 'Đang chuẩn bị'),
(174, 162, 44, 60, 1, 3959000, 'Đang chuẩn bị'),
(175, 162, 50, 60, 1, 2600000, 'Đang chuẩn bị'),
(176, 162, 66, 60, 1, 3285000, 'Đang chuẩn bị');

-- --------------------------------------------------------

--
-- Table structure for table `product`
--

CREATE TABLE `product` (
  `id` int(11) NOT NULL,
  `title` varchar(200) NOT NULL,
  `price` float NOT NULL,
  `number` float NOT NULL,
  `thumbnail` varchar(500) NOT NULL,
  `content` longtext NOT NULL,
  `id_category` int(11) NOT NULL,
  `created_at` datetime DEFAULT NULL,
  `updated_at` datetime DEFAULT NULL,
  `size` int(11) NOT NULL,
  `sale` int(11) NOT NULL,
  `color` varchar(255) NOT NULL
) ENGINE=InnoDB DEFAULT CHARSET=utf8mb4 COLLATE=utf8mb4_general_ci;

--
-- Dumping data for table `product`
--

INSERT INTO `product` (`id`, `title`, `price`, `number`, `thumbnail`, `content`, `id_category`, `created_at`, `updated_at`, `size`, `sale`, `color`) VALUES
(43, 'Air Jordan 1 Mid SE Craft', 3959000, 100, 'uploads/Air Jordan 1 Mid SE Craft.png', '<p style=\"box-sizing: inherit; margin-right: 0px; margin-bottom: 0px; margin-left: 0px; padding: 0px; border: 0px; font-variant-numeric: inherit; font-variant-east-asian: inherit; font-stretch: inherit; line-height: 1.75; font-family: \" helvetica=\"\" neue\",=\"\" helvetica,=\"\" arial,=\"\" sans-serif;=\"\" vertical-align:=\"\" baseline;=\"\" color:=\"\" rgb(17,=\"\" 17,=\"\" 17);\"=\"\">Turn style on its head with this crafted take on the Air Jordan 1 Mid. Its \"inside out\"-inspired construction, including unique layering and exposed foam accents, ups the ante on this timeless Jordan Brand silhouette. Details like the deco stitching on the Swoosh add coveted appeal, while the unexpected shading, rich mixture of materials and aged midsole aesthetic give this release an artisan finish.</p><ul class=\"description-preview__features pt8-sm pb6-sm ncss-list-ul\" style=\"box-sizing: inherit; margin-right: 0px; margin-bottom: 0px; margin-left: 0px; padding: 32px 0px 24px; border: 0px; font-variant-numeric: inherit; font-variant-east-asian: inherit; font-stretch: inherit; line-height: inherit; font-family: \" helvetica=\"\" neue\",=\"\" helvetica,=\"\" arial,=\"\" sans-serif;=\"\" vertical-align:=\"\" baseline;=\"\" list-style:=\"\" none;=\"\" color:=\"\" rgb(17,=\"\" 17,=\"\" 17);\"=\"\"><li class=\"description-preview__color-description ncss-li\" style=\"box-sizing: inherit; margin: 0px 0px 4px 16px; padding: 0px; border: 0px; font: inherit; vertical-align: baseline; list-style-type: disc;\">Colour Shown: Sail/Fossil Stone/Celestial Gold/Taupe Haze</li><li class=\"description-preview__style-color ncss-li\" style=\"box-sizing: inherit; margin: 0px 0px 0px 16px; padding: 0px; border: 0px; font: inherit; vertical-align: baseline; list-style-type: disc;\">Style: DM9652-102</li><li class=\"description-preview__style-color ncss-li\" style=\"box-sizing: inherit; margin: 0px 0px 0px 16px; padding: 0px; border: 0px; font: inherit; vertical-align: baseline; list-style-type: disc;\">Size: 28</li></ul>', 1, '2023-03-15 06:12:36', '2023-03-29 22:31:20', 28, 0, ''),
(44, 'Air Jordan 1 Mid SE', 3959000, 100, 'uploads/Air Jordan 1 Mid SE.png', '<p style=\"box-sizing: inherit; margin-right: 0px; margin-bottom: 0px; margin-left: 0px; padding: 0px; border: 0px; font-variant-numeric: inherit; font-variant-east-asian: inherit; font-stretch: inherit; line-height: 1.75; font-family: &quot;Helvetica Neue&quot;, Helvetica, Arial, sans-serif; vertical-align: baseline; color: rgb(17, 17, 17);\">Every time the AJ1 gets a remake, you get the classic sneaker in new colours and textures for an exciting, revamped look but with all the familiar comforts you know. Premium materials and accents give modern expression to an all-time favourite.</p><ul class=\"description-preview__features pt8-sm pb6-sm ncss-list-ul\" style=\"box-sizing: inherit; margin-right: 0px; margin-bottom: 0px; margin-left: 0px; padding: 32px 0px 24px; border: 0px; font-variant-numeric: inherit; font-variant-east-asian: inherit; font-stretch: inherit; line-height: inherit; font-family: &quot;Helvetica Neue&quot;, Helvetica, Arial, sans-serif; vertical-align: baseline; list-style: none; color: rgb(17, 17, 17);\"><li class=\"description-preview__color-description ncss-li\" style=\"box-sizing: inherit; margin: 0px 0px 4px 16px; padding: 0px; border: 0px; font: inherit; vertical-align: baseline; list-style-type: disc;\">Colour Shown: White/Black/Ice Blue</li><li class=\"description-preview__style-color ncss-li\" style=\"box-sizing: inherit; margin: 0px 0px 0px 16px; padding: 0px; border: 0px; font: inherit; vertical-align: baseline; list-style-type: disc;\">Style: DV1308-104</li></ul>', 1, '2023-03-15 06:56:43', '2023-03-15 06:56:43', 0, 0, ''),
(45, 'Nike Air Max 90 G', 3829000, 100, 'uploads/Nike Air Max 90 G.png', '<p style=\"box-sizing: inherit; margin-right: 0px; margin-bottom: 0px; margin-left: 0px; padding: 0px; border: 0px; font-variant-numeric: inherit; font-variant-east-asian: inherit; font-stretch: inherit; line-height: 1.75; font-family: \"Helvetica Neue\", Helvetica, Arial, sans-serif; vertical-align: baseline; color: rgb(17, 17, 17);\">The original Nike Air Max 90 was renowned for its clean lines and timeless style. The Nike Air Max 90 G stays true to the OG icon with a few updates made for golf, like integrated traction and a thin overlay that helps keep out water.</p><ul class=\"description-preview__features pt8-sm pb6-sm ncss-list-ul\" style=\"box-sizing: inherit; margin-right: 0px; margin-bottom: 0px; margin-left: 0px; padding: 32px 0px 24px; border: 0px; font-variant-numeric: inherit; font-variant-east-asian: inherit; font-stretch: inherit; line-height: inherit; font-family: \"Helvetica Neue\", Helvetica, Arial, sans-serif; vertical-align: baseline; list-style: none; color: rgb(17, 17, 17);\"><li class=\"description-preview__color-description ncss-li\" style=\"box-sizing: inherit; margin: 0px 0px 4px 16px; padding: 0px; border: 0px; font: inherit; vertical-align: baseline; list-style-type: disc;\">Colour Shown: Smoke Grey/Black/Grey Fog/White</li><li class=\"description-preview__style-color ncss-li\" style=\"box-sizing: inherit; margin: 0px 0px 0px 16px; padding: 0px; border: 0px; font: inherit; vertical-align: baseline; list-style-type: disc;\">Style: CU9978-012</li></ul>', 1, '2023-03-15 06:23:45', '2023-03-15 09:52:24', 0, 0, ''),
(46, 'Nike Air Max 90 SE', 4109000, 100, 'uploads/Nike Air Max 90 SE.png', '<p style=\"box-sizing: inherit; margin-right: 0px; margin-bottom: 0px; margin-left: 0px; padding: 0px; border: 0px; font-variant-numeric: inherit; font-variant-east-asian: inherit; font-stretch: inherit; line-height: 1.75; font-family: &quot;Helvetica Neue&quot;, Helvetica, Arial, sans-serif; vertical-align: baseline; color: rgb(17, 17, 17);\">Step into the history books. Paying homage to Frank Rudy, the man who created the coveted cornerstone of cushioning—Air—these sneakers celebrate his legacy with fun details. From the release year proudly stamped on the Air unit to the see-through \"Air pocket\" heel logo, striking visuals deliver a lesson in comfort.</p><ul class=\"description-preview__features pt8-sm pb6-sm ncss-list-ul\" style=\"box-sizing: inherit; margin-right: 0px; margin-bottom: 0px; margin-left: 0px; padding: 32px 0px 24px; border: 0px; font-variant-numeric: inherit; font-variant-east-asian: inherit; font-stretch: inherit; line-height: inherit; font-family: &quot;Helvetica Neue&quot;, Helvetica, Arial, sans-serif; vertical-align: baseline; list-style: none; color: rgb(17, 17, 17);\"><li class=\"description-preview__color-description ncss-li\" style=\"box-sizing: inherit; margin: 0px 0px 4px 16px; padding: 0px; border: 0px; font: inherit; vertical-align: baseline; list-style-type: disc;\">Colour Shown: Summit White/Sesame/Lemon Wash/Safety Orange</li><li class=\"description-preview__style-color ncss-li\" style=\"box-sizing: inherit; margin: 0px 0px 0px 16px; padding: 0px; border: 0px; font: inherit; vertical-align: baseline; list-style-type: disc;\">Style: FB4315-100</li></ul>', 1, '2023-03-15 06:49:46', '2023-03-15 06:49:46', 0, 0, ''),
(47, 'Nike Air Max TW SE', 4999000, 100, 'uploads/Nike Air Max TW SE.png', '<p style=\"box-sizing: inherit; margin-right: 0px; margin-bottom: 0px; margin-left: 0px; padding: 0px; border: 0px; font-variant-numeric: inherit; font-variant-east-asian: inherit; font-stretch: inherit; line-height: 1.75; font-family: &quot;Helvetica Neue&quot;, Helvetica, Arial, sans-serif; vertical-align: baseline; color: rgb(17, 17, 17);\">Step into the history books. Paying homage to Frank Rudy, the man who created the coveted cornerstone of cushioning—Air—the Nike Air Max TW SE celebrates his legacy with fun details. From the shoe\'s release year proudly stamped on the Air unit to its translucent plastic detailing, its striking visuals deliver a lesson in comfort.</p><ul class=\"description-preview__features pt8-sm pb6-sm ncss-list-ul\" style=\"box-sizing: inherit; margin-right: 0px; margin-bottom: 0px; margin-left: 0px; padding: 32px 0px 24px; border: 0px; font-variant-numeric: inherit; font-variant-east-asian: inherit; font-stretch: inherit; line-height: inherit; font-family: &quot;Helvetica Neue&quot;, Helvetica, Arial, sans-serif; vertical-align: baseline; list-style: none; color: rgb(17, 17, 17);\"><li class=\"description-preview__color-description ncss-li\" style=\"box-sizing: inherit; margin: 0px 0px 4px 16px; padding: 0px; border: 0px; font: inherit; vertical-align: baseline; list-style-type: disc;\">Colour Shown: Summit White/Sesame/Light Photo Blue/Safety Orange</li><li class=\"description-preview__style-color ncss-li\" style=\"box-sizing: inherit; margin: 0px 0px 0px 16px; padding: 0px; border: 0px; font: inherit; vertical-align: baseline; list-style-type: disc;\">Style: DV1232-100</li></ul>', 1, '2023-03-15 06:52:47', '2023-03-15 06:52:47', 0, 0, ''),
(48, 'Nike Dunk Low', 3239000, 100, 'uploads/Nike Dunk Low.png', '<p style=\"box-sizing: inherit; margin-right: 0px; margin-bottom: 0px; margin-left: 0px; padding: 0px; border: 0px; font-variant-numeric: inherit; font-variant-east-asian: inherit; font-stretch: inherit; line-height: 1.75; font-family: &quot;Helvetica Neue&quot;, Helvetica, Arial, sans-serif; vertical-align: baseline; color: rgb(17, 17, 17);\">Created for the hardwood but taken to the streets, this \'80s b-ball icon returns with classic details and throwback hoops flair. Supple suede overlays help the Nike Dunk channel vintage style while boldly patterned Swoosh logos add a wild touch. Plus, the padded, low-cut collar lets you take your game anywhere in comfort.</p><ul class=\"description-preview__features pt8-sm pb6-sm ncss-list-ul\" style=\"box-sizing: inherit; margin-right: 0px; margin-bottom: 0px; margin-left: 0px; padding: 32px 0px 24px; border: 0px; font-variant-numeric: inherit; font-variant-east-asian: inherit; font-stretch: inherit; line-height: inherit; font-family: &quot;Helvetica Neue&quot;, Helvetica, Arial, sans-serif; vertical-align: baseline; list-style: none; color: rgb(17, 17, 17);\"><li class=\"description-preview__color-description ncss-li\" style=\"box-sizing: inherit; margin: 0px 0px 4px 16px; padding: 0px; border: 0px; font: inherit; vertical-align: baseline; list-style-type: disc;\">Colour Shown: Kumquat/Dark Driftwood/Light Bone</li><li class=\"description-preview__style-color ncss-li\" style=\"box-sizing: inherit; margin: 0px 0px 0px 16px; padding: 0px; border: 0px; font: inherit; vertical-align: baseline; list-style-type: disc;\">Style: DR0156-800</li></ul>', 1, '2023-03-15 06:48:48', '2023-03-15 06:48:48', 0, 0, ''),
(49, 'Nike Free Metcon 4 Premium', 3829000, 100, 'uploads/Nike Free Metcon 4 Premium.png', '<p style=\"box-sizing: inherit; margin-right: 0px; margin-bottom: 0px; margin-left: 0px; padding: 0px; border: 0px; font-variant-numeric: inherit; font-variant-east-asian: inherit; font-stretch: inherit; line-height: 1.75; font-family: &quot;Helvetica Neue&quot;, Helvetica, Arial, sans-serif; vertical-align: baseline; color: rgb(17, 17, 17);\">The Nike Free Metcon 4 Premium combines flexibility with stability to help you get the most out of your training programme. Updated \"chain-link\" mesh cools and flexes as you speed through agility drills, while support at the midfoot and heel braces you for your heaviest sets in the weight room.</p><ul class=\"description-preview__features pt8-sm pb6-sm ncss-list-ul\" style=\"box-sizing: inherit; margin-right: 0px; margin-bottom: 0px; margin-left: 0px; padding: 32px 0px 24px; border: 0px; font-variant-numeric: inherit; font-variant-east-asian: inherit; font-stretch: inherit; line-height: inherit; font-family: &quot;Helvetica Neue&quot;, Helvetica, Arial, sans-serif; vertical-align: baseline; list-style: none; color: rgb(17, 17, 17);\"><li class=\"description-preview__color-description ncss-li\" style=\"box-sizing: inherit; margin: 0px 0px 4px 16px; padding: 0px; border: 0px; font: inherit; vertical-align: baseline; list-style-type: disc;\">Colour Shown: White/Black/White/Multi-Colour</li><li class=\"description-preview__style-color ncss-li\" style=\"box-sizing: inherit; margin: 0px 0px 0px 16px; padding: 0px; border: 0px; font: inherit; vertical-align: baseline; list-style-type: disc;\">Style: DQ4678-100</li></ul>', 1, '2023-03-15 06:42:49', '2023-03-15 06:42:49', 0, 0, ''),
(50, 'Superstar', 2600000, 100, 'uploads/superstar.png', '<div class=\"text-content___13aRm\" style=\"font-family: &quot;Noto Sans&quot;, AdihausDIN, Helvetica, Arial, sans-serif; white-space: pre-line; width: calc(50% - 15px); color: rgb(0, 0, 0);\"><h3 class=\"subtitle___9ljbp\" style=\"font-weight: var(--gl-heading-font-set-weight-standard-14); margin-right: 0px; margin-bottom: 0px; margin-left: 0px; padding: 0px; font-size: var(--gl-heading-font-set-size-standard-14); letter-spacing: var(--gl-heading-font-set-letterspacing-standard-14); line-height: var(--gl-heading-font-set-lineheight-standard-14); text-transform: var(--gl-heading-font-set-case-standard-14);\">THIẾT KẾ CỔ THẤP ĐẶC TRƯNG VỚI MŨI GIÀY VỎ SÒ.</h3><div><br></div><p class=\"gl-vspace\" style=\"margin-top: var(--gl-spacing-0100); margin-right: 0px; margin-bottom: 0px; margin-left: 0px; padding: 0px;\">Thiết kế ban đầu dành cho sân bóng rổ vào thập niên 70. Được các ngôi sao hip hop tôn sùng vào thập niên 80. Đôi giày adidas Superstar giờ đây đã trở thành biểu tượng của các tín đồ thời trang đường phố. Thiết kế mũi giày vỏ sò nổi tiếng thế giới mang đến phong cách chất lừ và khả năng bảo vệ. Giống như những gì đôi giày này đã thể hiện trên sân bóng rổ trong quá khứ.&nbsp; &nbsp; Giờ đây, bạn có thể tự tin tham gia lễ hội âm nhạc hay dạo phố mà không sợ bị dẫm lên chân. Chi tiết 3 Sọc viền răng cưa và logo adidas Superstar đóng khung mang đậm phong cách nguyên bản chính hiệu.</p><div><br></div></div>', 2, '2023-03-15 06:29:59', '2023-03-15 06:29:59', 0, 0, ''),
(51, 'GIÀY CỔ THẤP FORUM', 2500000, 100, 'uploads/giaycothapFORUM.png', '<h3 class=\"subtitle___9ljbp\" style=\"font-weight: var(--gl-heading-font-set-weight-standard-14); margin-right: 0px; margin-bottom: 0px; margin-left: 0px; padding: 0px; font-family: &quot;Noto Sans&quot;, AdihausDIN, Helvetica, Arial, sans-serif; font-size: var(--gl-heading-font-set-size-standard-14); letter-spacing: var(--gl-heading-font-set-letterspacing-standard-14); line-height: var(--gl-heading-font-set-lineheight-standard-14); text-transform: var(--gl-heading-font-set-case-standard-14); color: rgb(0, 0, 0); white-space: pre-line;\">ĐÔI GIÀY BÓNG RỔ TRỨ DANH TRONG THIẾT KẾ CỔ THẤP.</h3><div><div class=\"text-content___13aRm\" style=\"font-family: &quot;Noto Sans&quot;, AdihausDIN, Helvetica, Arial, sans-serif; white-space: pre-line; width: calc(50% - 15px); color: rgb(0, 0, 0);\"><p class=\"gl-vspace\" style=\"margin-top: var(--gl-spacing-0100); margin-right: 0px; margin-bottom: 0px; margin-left: 0px; padding: 0px;\">Không chỉ là một đôi giày, mà chính là một tuyên ngôn. Dòng adidas Forum ra mắt năm 1984 và cực kỳ được ưa chuộng cả trên sân bóng rổ lẫn trong giới âm nhạc. Mẫu mới của dòng giày kinh điển này tái hiện tinh thần thập niên 80, nguồn năng lượng bùng nổ trên sân đấu cũng như thiết kế quai cổ chân chữ X đặc trưng, kết tinh thành phiên bản cổ thấp đậm chất đường phố.</p><div><br></div></div></div>', 2, '2023-03-15 09:37:07', '2023-03-15 09:37:07', 0, 0, ''),
(52, 'GIÀY ADVANTAGE', 2000000, 100, 'uploads/giayAdvantage.png', '<h3 class=\"subtitle___9ljbp\" style=\"font-weight: var(--gl-heading-font-set-weight-standard-14); margin-right: 0px; margin-bottom: 0px; margin-left: 0px; padding: 0px; font-family: &quot;Noto Sans&quot;, AdihausDIN, Helvetica, Arial, sans-serif; font-size: var(--gl-heading-font-set-size-standard-14); letter-spacing: var(--gl-heading-font-set-letterspacing-standard-14); line-height: var(--gl-heading-font-set-lineheight-standard-14); text-transform: var(--gl-heading-font-set-case-standard-14); color: rgb(0, 0, 0); white-space: pre-line;\">ĐÔI GIÀY CHO PHONG CÁCH CLASSIC VÀ KIỂU DÁNG HIỆN ĐẠI.</h3><div><span style=\"color: rgb(0, 0, 0); font-family: &quot;Noto Sans&quot;, AdihausDIN, Helvetica, Arial, sans-serif; white-space: pre-line;\">Đôi giày adidas phong cách tennis này kết hợp diện mạo kinh điển với thiết kế hiện đại thoải mái. Kiểu dáng mềm mại mà vừa khít, ôm chân tự nhiên. Tự tin sải bước với độ bám chắc chắn trên mọi bề mặt.\r\n</span></div><div><div class=\"text-content___13aRm\" style=\"font-family: &quot;Noto Sans&quot;, AdihausDIN, Helvetica, Arial, sans-serif; white-space: pre-line; width: calc(50% - 15px); color: rgb(0, 0, 0);\"><p class=\"gl-vspace\" style=\"margin-top: var(--gl-spacing-0100); margin-right: 0px; margin-bottom: 0px; margin-left: 0px; padding: 0px;\">Sản phẩm này may bằng vải công nghệ Primegreen, thuộc dòng chất liệu tái chế hiệu năng cao. Thân giày chứa 50% thành phần tái chế. Không sử dụng polyester nguyên sinh.</p><div><br></div></div></div>', 2, '2023-03-15 09:28:11', '2023-03-15 09:28:11', 0, 0, ''),
(53, 'GIÀY GALAXY 6', 1700000, 100, 'uploads/giayGALAXY.png', '<h3 class=\"subtitle___9ljbp\" style=\"font-weight: var(--gl-heading-font-set-weight-standard-14); margin-right: 0px; margin-bottom: 0px; margin-left: 0px; padding: 0px; font-family: &quot;Noto Sans&quot;, AdihausDIN, Helvetica, Arial, sans-serif; font-size: var(--gl-heading-font-set-size-standard-14); letter-spacing: var(--gl-heading-font-set-letterspacing-standard-14); line-height: var(--gl-heading-font-set-lineheight-standard-14); text-transform: var(--gl-heading-font-set-case-standard-14); color: rgb(0, 0, 0); white-space: pre-line;\">ĐÔI GIÀY THỂ THAO THOẢI MÁI CÓ SỬ DỤNG CHẤT LIỆU TÁI CHẾ.</h3><div><span style=\"color: rgb(0, 0, 0); font-family: &quot;Noto Sans&quot;, AdihausDIN, Helvetica, Arial, sans-serif; white-space: pre-line;\">Xỏ giày và xuất phát. Đôi giày chạy bộ adidas này sẽ giúp bạn luôn thoải mái dẫu cho ngày mới kéo dài vô tận. Đây là một đôi giày hàng ngày tuyệt vời, với thân giày bằng vải lưới siêu nhẹ và thoáng khí giúp đôi chân bạn luôn mát mẻ, cùng đế giữa Cloudfoam đàn hồi. Đế ngoài bằng cao su bám vững vàng trên mọi bề mặt, từ sân cỏ ẩm ướt tới sân đất nện. Bạn có thể thoải mái thay đổi kế hoạch mà không cần đổi giày.\r\n</span></div><div><div class=\"text-content___13aRm\" style=\"font-family: &quot;Noto Sans&quot;, AdihausDIN, Helvetica, Arial, sans-serif; white-space: pre-line; width: calc(50% - 15px); color: rgb(0, 0, 0);\"><p class=\"gl-vspace\" style=\"margin-top: var(--gl-spacing-0100); margin-right: 0px; margin-bottom: 0px; margin-left: 0px; padding: 0px;\">Làm từ một loạt chất liệu tái chế, thân giày có chứa tối thiểu 50% thành phần tái chế. Sản phẩm này đại diện cho một trong số rất nhiều các giải pháp của chúng tôi hướng tới chấm dứt rác thải nhựa.</p><div><br></div></div></div>', 2, '2023-03-15 09:39:12', '2023-03-15 09:39:12', 0, 0, ''),
(54, 'GIÀY NMD_S1', 5000000, 100, 'uploads/giayNMD_S1.png', '<h3 class=\"subtitle___9ljbp\" style=\"font-weight: var(--gl-heading-font-set-weight-standard-14); margin-right: 0px; margin-bottom: 0px; margin-left: 0px; padding: 0px; font-family: &quot;Noto Sans&quot;, AdihausDIN, Helvetica, Arial, sans-serif; font-size: var(--gl-heading-font-set-size-standard-14); letter-spacing: var(--gl-heading-font-set-letterspacing-standard-14); line-height: var(--gl-heading-font-set-lineheight-standard-14); text-transform: var(--gl-heading-font-set-case-standard-14); color: rgb(0, 0, 0); white-space: pre-line;\">ĐÔI GIÀY TỐI GIẢN CÓ SỬ DỤNG SỢI PARLEY OCEAN PLASTIC.</h3><div><span style=\"color: rgb(0, 0, 0); font-family: &quot;Noto Sans&quot;, AdihausDIN, Helvetica, Arial, sans-serif; white-space: pre-line;\">Đôi giày adidas này mang lại cảm giác vững chãi, nhưng cũng hệt như đang dạo bước trên mây. Thân giày ôm chân như một đôi tất cho cảm giác thoải mái tuyệt đối, đồng thời lớp đệm BOOST bọc nhựa đi kèm các miếng bịt đế giữa giúp hoàn trả năng lượng trên từng sải bước. Đôi giày này truyền cảm hứng cho tâm thế vững vàng bất chấp cuộc sống nơi thành thị không ngừng biến động. Với thiết kế nhằm khích lệ bạn trải nghiệm nhiều hơn, đôi giày này luôn sẵn sàng cùng bạn lên đường và dấn bước.\r\n</span></div><div><div class=\"text-content___13aRm\" style=\"font-family: &quot;Noto Sans&quot;, AdihausDIN, Helvetica, Arial, sans-serif; white-space: pre-line; width: calc(50% - 15px); color: rgb(0, 0, 0);\"><p class=\"gl-vspace\" style=\"margin-top: var(--gl-spacing-0100); margin-right: 0px; margin-bottom: 0px; margin-left: 0px; padding: 0px;\">Thân giày làm từ loại sợi hiệu năng cao có chứa tối thiểu 50% chất liệu Parley Ocean Plastic — rác thải nhựa tái chế thu gom từ các vùng đảo xa, bãi biển, khu dân cư ven biển và đường bờ biển, nhằm ngăn chặn ô nhiễm đại dương. 50% thành phần còn lại của sợi dệt là polyester tái chế.</p><div><br></div></div></div>', 2, '2023-03-15 09:40:14', '2023-03-15 09:40:14', 0, 0, ''),
(55, 'GIÀY PUREBOOST 22', 3700000, 100, 'uploads/giayPureboost22.png', '<h3 class=\"subtitle___9ljbp\" style=\"font-weight: var(--gl-heading-font-set-weight-standard-14); margin-right: 0px; margin-bottom: 0px; margin-left: 0px; padding: 0px; font-family: &quot;Noto Sans&quot;, AdihausDIN, Helvetica, Arial, sans-serif; font-size: var(--gl-heading-font-set-size-standard-14); letter-spacing: var(--gl-heading-font-set-letterspacing-standard-14); line-height: var(--gl-heading-font-set-lineheight-standard-14); text-transform: var(--gl-heading-font-set-case-standard-14); color: rgb(0, 0, 0); white-space: pre-line;\">ĐÔI GIÀY CHẠY BỘ CỰ LY NGẮN, CÓ SỬ DỤNG CHẤT LIỆU TÁI CHẾ.</h3><div><div class=\"text-content___13aRm\" style=\"font-family: &quot;Noto Sans&quot;, AdihausDIN, Helvetica, Arial, sans-serif; white-space: pre-line; width: calc(50% - 15px); color: rgb(0, 0, 0);\"><p class=\"gl-vspace\" style=\"margin-top: var(--gl-spacing-0100); margin-right: 0px; margin-bottom: 0px; margin-left: 0px; padding: 0px;\">Bạn không cần chuẩn bị quá nhiều khi chạy bộ. Chút snack, playlist nhạc và đôi giày chạy bộ adidas này sẽ giúp bạn vững bước trên vài dặm tới. Êm ái và đàn hồi, Pureboost là dòng giày tập siêu thoải mái dành cho những buổi chạy cự ly ngắn hàng ngày. Đế BOOST adidas hoàn trả năng lượng tuyệt vời trên từng bước chạy, cùng đế ngoài bằng cao su Stretchweb linh hoạt trợ lực cho từng sải bước.</p><div><br></div></div></div>', 2, '2023-03-15 09:56:16', '2023-03-15 09:56:16', 0, 0, ''),
(56, 'Balenciaga Sneaker', 16583000, 50, 'uploads/balenciagasneaker.png', '<font color=\"#000000\">color: Fluo Yellow/Black/Grey</font>', 51, '2023-03-18 08:40:43', '2023-03-18 09:43:02', 29, 0, ''),
(59, 'GIÀY ADIZERO TAKUMI SEN 9', 5000000, 100, 'uploads/giàyadzerotakumi.jpg', '<ul class=\"gl-list\" style=\"list-style-position: initial; list-style-image: initial; margin-right: 0px; margin-bottom: 0px; margin-left: 0px; padding: 0px; font-family: &quot;Noto Sans&quot;, AdihausDIN, Helvetica, Arial, sans-serif; line-height: var(--gl-body-font-set-lineheight-functional-7); width: calc(50% - 15px); color: rgb(0, 0, 0);\"><li class=\"gl-vspace-bpall-small\" style=\"margin-top: var(--gl-spacing-0150); padding-left: var(--gl-spacing-0100); margin-left: 18px;\">Có dây giày</li><li class=\"gl-vspace-bpall-small\" style=\"margin-top: var(--gl-spacing-0150); padding-left: var(--gl-spacing-0100); margin-left: 18px;\">Thân giày bằng vải dệt</li><li class=\"gl-vspace-bpall-small\" style=\"margin-top: var(--gl-spacing-0150); padding-left: var(--gl-spacing-0100); margin-left: 18px;\">Độ dày đế giữa: 6 mm (độ cao gót giày: 33 mm / độ cao mũi giày: 27 mm)</li><li class=\"gl-vspace-bpall-small\" style=\"margin-top: var(--gl-spacing-0150); padding-left: var(--gl-spacing-0100); margin-left: 18px;\">Thân giày có chứa tối thiểu 50% thành phần tái chế</li><li class=\"gl-vspace-bpall-small\" style=\"margin-top: var(--gl-spacing-0150); padding-left: var(--gl-spacing-0100); margin-left: 18px;\">Màu sản phẩm: Pulse Mint / Lucid Fuchsia / Lucid Blue</li><li></li><li></li><li></li><li></li><li></li></ul>', 2, '2023-04-02 15:33:11', '2023-04-02 15:33:11', 38, 0, ''),
(60, 'giày Rivalry Low 86', 2300000, 100, 'uploads/giayRivalryLow86.png', '<ul class=\"gl-list\" style=\"list-style-position: initial; list-style-image: initial; margin-right: 0px; margin-bottom: 0px; margin-left: 0px; padding: 0px; font-family: &quot;Noto Sans&quot;, AdihausDIN, Helvetica, Arial, sans-serif; line-height: var(--gl-body-font-set-lineheight-functional-7); width: calc(50% - 15px); color: rgb(0, 0, 0);\"><li class=\"gl-vspace-bpall-small\" style=\"margin-top: var(--gl-spacing-0150); padding-left: var(--gl-spacing-0100); margin-left: 18px;\">Có dây giày</li><li class=\"gl-vspace-bpall-small\" style=\"margin-top: var(--gl-spacing-0150); padding-left: var(--gl-spacing-0100); margin-left: 18px;\">Thân giày bằng da, chất liệu tổng hợp và nylon</li><li class=\"gl-vspace-bpall-small\" style=\"margin-top: var(--gl-spacing-0150); padding-left: var(--gl-spacing-0100); margin-left: 18px;\">Lớp lót bằng vải terry</li><ul class=\"gl-list\" style=\"list-style: disc; margin-right: 0px; margin-left: 0px; padding: 0px; line-height: var(--gl-body-font-set-lineheight-functional-7); width: calc(50% - 15px);\"></ul><li class=\"gl-vspace-bpall-small\" style=\"margin-top: var(--gl-spacing-0150); padding-left: var(--gl-spacing-0100); margin-left: 18px;\">Đế cupsole bằng cao su</li><li class=\"gl-vspace-bpall-small\" style=\"margin-top: var(--gl-spacing-0150); padding-left: var(--gl-spacing-0100); margin-left: 18px;\">Màu sản phẩm: Cloud White / Clear Blue / Shadow Navy</li><li></li><li></li><li></li><li></li></ul>', 2, '2023-04-02 15:06:14', '2023-04-02 15:06:14', 38, 0, ''),
(64, 'Nike Zegama', 4409000, 100, 'uploads/Nike Zegama.png', '<p style=\"box-sizing: inherit; margin-right: 0px; margin-bottom: 0px; margin-left: 0px; padding: 0px; border: 0px; font-variant-numeric: inherit; font-variant-east-asian: inherit; font-variant-alternates: inherit; font-stretch: inherit; line-height: 1.75; font-family: \"Helvetica Neue\", Helvetica, Arial, sans-serif; font-optical-sizing: inherit; font-kerning: inherit; font-feature-settings: inherit; font-variation-settings: inherit; vertical-align: baseline; color: rgb(17, 17, 17);\">Navigate the up and downs of uncompromising terrain with the Nike Zegama. Developed with great grip and stability, it has you covered, so you can keep climbing and reach greater personal heights when the going gets grimy and gritty. Whether it\'s a challenging, rocky landscape going uphill or a steep, slick decline down a treacherous trail, feel confident when you decide to off-road it.</p><ul class=\"description-preview__features pt8-sm pb6-sm ncss-list-ul\" style=\"box-sizing: inherit; margin-right: 0px; margin-bottom: 0px; margin-left: 0px; padding: 32px 0px 24px; border: 0px; font-variant-numeric: inherit; font-variant-east-asian: inherit; font-variant-alternates: inherit; font-stretch: inherit; line-height: inherit; font-family: \"Helvetica Neue\", Helvetica, Arial, sans-serif; font-optical-sizing: inherit; font-kerning: inherit; font-feature-settings: inherit; font-variation-settings: inherit; vertical-align: baseline; list-style: none; color: rgb(17, 17, 17);\"><li class=\"description-preview__color-description ncss-li\" style=\"box-sizing: inherit; margin: 0px 0px 4px 16px; padding: 0px; border: 0px; font: inherit; vertical-align: baseline; list-style-type: disc;\">Colour Shown: Spring Green/Olive Flak/Black/White</li><li class=\"description-preview__style-color ncss-li\" style=\"box-sizing: inherit; margin: 0px 0px 0px 16px; padding: 0px; border: 0px; font: inherit; vertical-align: baseline; list-style-type: disc;\">Style: DH0623-302</li></ul>', 1, '2023-04-02 16:38:19', '2023-04-02 17:17:16', 38, 0, ''),
(65, 'PUMA x FINAL FANTASY XIV RS-X Esports Sneakers', 2815000, 100, 'uploads/PUMA x Final Fantasy XIV RS-X Esports Sneakers.png', '<div class=\"text-base text-puma-black max-w-xl\" style=\"--tw-ring-inset:var(--tw-empty, ); --tw-ring-offset-width:0px; --tw-ring-offset-color:#fff; --tw-ring-color:rgba(140,145,152,var(--tw-ring-opacity,1)); --tw-ring-offset-shadow:0 0 transparent; --tw-ring-shadow:0 0 transparent; border: 0px solid rgb(229, 231, 235); --tw-shadow:0 0 transparent; --tw-text-opacity:1; color: rgba(24,24,24,var(--tw-text-opacity)); font-size: medium; line-height: 1.5; max-width: 36rem; --tw-space-y-reverse:0; margin-bottom: calc(1rem * var(--tw-space-y-reverse)); margin-top: calc(1rem * calc(1 - var(--tw-space-y-reverse))); font-family: FFDINforPuma, Inter, -apple-system, system-ui, BlinkMacSystemFont, &quot;Segoe UI&quot;, Roboto, &quot;Helvetica Neue&quot;, Arial, sans-serif; display: -webkit-box; -webkit-line-clamp: 2; -webkit-box-orient: vertical; overflow: hidden; outline: none !important;\"><div style=\"--tw-ring-inset:var(--tw-empty, ); --tw-ring-offset-width:0px; --tw-ring-offset-color:#fff; --tw-ring-color:rgba(140,145,152,var(--tw-ring-opacity,1)); --tw-ring-offset-shadow:0 0 transparent; --tw-ring-shadow:0 0 transparent; border: 0px solid rgb(229, 231, 235); --tw-shadow:0 0 transparent; outline: none !important;\">Level up with the PUMA x FINAL FANTASY XIV RS-X. It has a bulky, retro-inspired look and is ready for any gaming session – no matter how long.</div></div><div class=\"text-base text-puma-black max-w-xl\" style=\"--tw-ring-inset:var(--tw-empty, ); --tw-ring-offset-width:0px; --tw-ring-offset-color:#fff; --tw-ring-color:rgba(140,145,152,var(--tw-ring-opacity,1)); --tw-ring-offset-shadow:0 0 transparent; --tw-ring-shadow:0 0 transparent; border: 0px solid rgb(229, 231, 235); --tw-shadow:0 0 transparent; --tw-text-opacity:1; color: rgba(24,24,24,var(--tw-text-opacity)); font-size: medium; line-height: 1.5; max-width: 36rem; --tw-space-y-reverse:0; margin-bottom: calc(1rem * var(--tw-space-y-reverse)); margin-top: calc(1rem * calc(1 - var(--tw-space-y-reverse))); font-family: FFDINforPuma, Inter, -apple-system, system-ui, BlinkMacSystemFont, &quot;Segoe UI&quot;, Roboto, &quot;Helvetica Neue&quot;, Arial, sans-serif; outline: none !important;\"><ul class=\"list-disc list-inside mt-4 text-puma-gold\" style=\"--tw-ring-inset:var(--tw-empty, ); --tw-ring-offset-width:0px; --tw-ring-offset-color:#fff; --tw-ring-color:rgba(140,145,152,var(--tw-ring-opacity,1)); --tw-ring-offset-shadow:0 0 transparent; --tw-ring-shadow:0 0 transparent; border: 0px solid rgb(229, 231, 235); --tw-shadow:0 0 transparent; margin: 1rem 0px 0px; padding: 0px; list-style-position: inside; list-style-image: initial; --tw-text-opacity:1; color: rgba(138,115,80,var(--tw-text-opacity)); outline: none !important;\"><li style=\"--tw-ring-inset:var(--tw-empty, ); --tw-ring-offset-width:0px; --tw-ring-offset-color:#fff; --tw-ring-color:rgba(140,145,152,var(--tw-ring-opacity,1)); --tw-ring-offset-shadow:0 0 transparent; --tw-ring-shadow:0 0 transparent; border: 0px solid rgb(229, 231, 235); --tw-shadow:0 0 transparent; outline: none !important;\"><span class=\"text-puma-black\" style=\"--tw-ring-inset:var(--tw-empty, ); --tw-ring-offset-width:0px; --tw-ring-offset-color:#fff; --tw-ring-color:rgba(140,145,152,var(--tw-ring-opacity,1)); --tw-ring-offset-shadow:0 0 transparent; --tw-ring-shadow:0 0 transparent; border: 0px solid rgb(229, 231, 235); --tw-shadow:0 0 transparent; --tw-text-opacity:1; color: rgba(24,24,24,var(--tw-text-opacity)); outline: none !important;\">Style:&nbsp;307601_02</span></li><li style=\"--tw-ring-inset:var(--tw-empty, ); --tw-ring-offset-width:0px; --tw-ring-offset-color:#fff; --tw-ring-color:rgba(140,145,152,var(--tw-ring-opacity,1)); --tw-ring-offset-shadow:0 0 transparent; --tw-ring-shadow:0 0 transparent; border: 0px solid rgb(229, 231, 235); --tw-shadow:0 0 transparent; outline: none !important;\"><span class=\"text-puma-black\" style=\"--tw-ring-inset:var(--tw-empty, ); --tw-ring-offset-width:0px; --tw-ring-offset-color:#fff; --tw-ring-color:rgba(140,145,152,var(--tw-ring-opacity,1)); --tw-ring-offset-shadow:0 0 transparent; --tw-ring-shadow:0 0 transparent; border: 0px solid rgb(229, 231, 235); --tw-shadow:0 0 transparent; --tw-text-opacity:1; color: rgba(24,24,24,var(--tw-text-opacity)); outline: none !important;\">Color:&nbsp;PUMA White-Dusty Aqua</span></li></ul></div>', 3, '2023-04-05 17:51:46', '2023-04-05 17:51:46', 38, 0, ''),
(66, 'PUMA x RICK AND MORTY MB.02 Men\'s Basketball Shoes', 3285000, 100, 'uploads/PUMA x RICK AND MORTY MB.02 Men\'s Basketball Shoes.png', '<div class=\"text-base text-puma-black max-w-xl\" style=\"--tw-ring-inset:var(--tw-empty, ); --tw-ring-offset-width:0px; --tw-ring-offset-color:#fff; --tw-ring-color:rgba(140,145,152,var(--tw-ring-opacity,1)); --tw-ring-offset-shadow:0 0 transparent; --tw-ring-shadow:0 0 transparent; border: 0px solid rgb(229, 231, 235); --tw-shadow:0 0 transparent; --tw-text-opacity:1; color: rgba(24,24,24,var(--tw-text-opacity)); font-size: medium; line-height: 1.5; max-width: 36rem; --tw-space-y-reverse:0; margin-bottom: calc(1rem * var(--tw-space-y-reverse)); margin-top: calc(1rem * calc(1 - var(--tw-space-y-reverse))); font-family: FFDINforPuma, Inter, -apple-system, system-ui, BlinkMacSystemFont, &quot;Segoe UI&quot;, Roboto, &quot;Helvetica Neue&quot;, Arial, sans-serif; display: -webkit-box; -webkit-line-clamp: 2; -webkit-box-orient: vertical; overflow: hidden; outline: none !important;\"><div style=\"--tw-ring-inset:var(--tw-empty, ); --tw-ring-offset-width:0px; --tw-ring-offset-color:#fff; --tw-ring-color:rgba(140,145,152,var(--tw-ring-opacity,1)); --tw-ring-offset-shadow:0 0 transparent; --tw-ring-shadow:0 0 transparent; border: 0px solid rgb(229, 231, 235); --tw-shadow:0 0 transparent; outline: none !important;\">The second signature shoe, with another cartoon-inspired colourway: the PUMA x RICK AND MORTY MB.02. This version is just as disruptive as the first, just as bold, and just as Melo. It has a NITRO Infused midsole that takes you high above the rim, a non-slip rubber outsole to help you cut to the basket, and a whole load of dimension-bending flair that makes you stand out even more on the court. Just look at its glittering details and holographic upper. It’s Melo in shoe form. And it’s still Not From Here.</div></div><div class=\"text-base text-puma-black max-w-xl\" style=\"--tw-ring-inset:var(--tw-empty, ); --tw-ring-offset-width:0px; --tw-ring-offset-color:#fff; --tw-ring-color:rgba(140,145,152,var(--tw-ring-opacity,1)); --tw-ring-offset-shadow:0 0 transparent; --tw-ring-shadow:0 0 transparent; border: 0px solid rgb(229, 231, 235); --tw-shadow:0 0 transparent; --tw-text-opacity:1; color: rgba(24,24,24,var(--tw-text-opacity)); font-size: medium; line-height: 1.5; max-width: 36rem; --tw-space-y-reverse:0; margin-bottom: calc(1rem * var(--tw-space-y-reverse)); margin-top: calc(1rem * calc(1 - var(--tw-space-y-reverse))); font-family: FFDINforPuma, Inter, -apple-system, system-ui, BlinkMacSystemFont, &quot;Segoe UI&quot;, Roboto, &quot;Helvetica Neue&quot;, Arial, sans-serif; outline: none !important;\"><ul class=\"list-disc list-inside mt-4 text-puma-gold\" style=\"--tw-ring-inset:var(--tw-empty, ); --tw-ring-offset-width:0px; --tw-ring-offset-color:#fff; --tw-ring-color:rgba(140,145,152,var(--tw-ring-opacity,1)); --tw-ring-offset-shadow:0 0 transparent; --tw-ring-shadow:0 0 transparent; border: 0px solid rgb(229, 231, 235); --tw-shadow:0 0 transparent; margin: 1rem 0px 0px; padding: 0px; list-style-position: inside; list-style-image: initial; --tw-text-opacity:1; color: rgba(138,115,80,var(--tw-text-opacity)); outline: none !important;\"><li style=\"--tw-ring-inset:var(--tw-empty, ); --tw-ring-offset-width:0px; --tw-ring-offset-color:#fff; --tw-ring-color:rgba(140,145,152,var(--tw-ring-opacity,1)); --tw-ring-offset-shadow:0 0 transparent; --tw-ring-shadow:0 0 transparent; border: 0px solid rgb(229, 231, 235); --tw-shadow:0 0 transparent; outline: none !important;\"><span class=\"text-puma-black\" style=\"--tw-ring-inset:var(--tw-empty, ); --tw-ring-offset-width:0px; --tw-ring-offset-color:#fff; --tw-ring-color:rgba(140,145,152,var(--tw-ring-opacity,1)); --tw-ring-offset-shadow:0 0 transparent; --tw-ring-shadow:0 0 transparent; border: 0px solid rgb(229, 231, 235); --tw-shadow:0 0 transparent; --tw-text-opacity:1; color: rgba(24,24,24,var(--tw-text-opacity)); outline: none !important;\">Style:&nbsp;377411_02</span></li><li style=\"--tw-ring-inset:var(--tw-empty, ); --tw-ring-offset-width:0px; --tw-ring-offset-color:#fff; --tw-ring-color:rgba(140,145,152,var(--tw-ring-opacity,1)); --tw-ring-offset-shadow:0 0 transparent; --tw-ring-shadow:0 0 transparent; border: 0px solid rgb(229, 231, 235); --tw-shadow:0 0 transparent; outline: none !important;\"><span class=\"text-puma-black\" style=\"--tw-ring-inset:var(--tw-empty, ); --tw-ring-offset-width:0px; --tw-ring-offset-color:#fff; --tw-ring-color:rgba(140,145,152,var(--tw-ring-opacity,1)); --tw-ring-offset-shadow:0 0 transparent; --tw-ring-shadow:0 0 transparent; border: 0px solid rgb(229, 231, 235); --tw-shadow:0 0 transparent; --tw-text-opacity:1; color: rgba(24,24,24,var(--tw-text-opacity)); outline: none !important;\">Color:&nbsp;Safety Yellow-Elektro Gree</span></li></ul></div>', 3, '2023-04-05 17:27:48', '2023-04-05 17:27:48', 38, 0, ''),
(67, 'PUMA NYC RS-X Park Flagship Men\'s Sneakers', 2935000, 100, 'uploads/PUMA NYC RS-X Park Flagship Men\'s Sneakers.png', '<div class=\"text-base text-puma-black max-w-xl\" style=\"--tw-ring-inset:var(--tw-empty, ); --tw-ring-offset-width:0px; --tw-ring-offset-color:#fff; --tw-ring-color:rgba(140,145,152,var(--tw-ring-opacity,1)); --tw-ring-offset-shadow:0 0 transparent; --tw-ring-shadow:0 0 transparent; border: 0px solid rgb(229, 231, 235); --tw-shadow:0 0 transparent; --tw-text-opacity:1; color: rgba(24,24,24,var(--tw-text-opacity)); font-size: medium; line-height: 1.5; max-width: 36rem; --tw-space-y-reverse:0; margin-bottom: calc(1rem * var(--tw-space-y-reverse)); margin-top: calc(1rem * calc(1 - var(--tw-space-y-reverse))); font-family: FFDINforPuma, Inter, -apple-system, system-ui, BlinkMacSystemFont, &quot;Segoe UI&quot;, Roboto, &quot;Helvetica Neue&quot;, Arial, sans-serif; display: -webkit-box; -webkit-line-clamp: 2; -webkit-box-orient: vertical; overflow: hidden; outline: none !important;\"><div style=\"--tw-ring-inset:var(--tw-empty, ); --tw-ring-offset-width:0px; --tw-ring-offset-color:#fff; --tw-ring-color:rgba(140,145,152,var(--tw-ring-opacity,1)); --tw-ring-offset-shadow:0 0 transparent; --tw-ring-shadow:0 0 transparent; border: 0px solid rgb(229, 231, 235); --tw-shadow:0 0 transparent; outline: none !important;\">Taking its cues from the colors of baseball\'s golden age, the RS-X PARK FLAGSHIP sneaker is style and history in one. Featuring the famous RS-X bulky silhouette and outfitted with nods to the five boroughs, these kicks add NYC flair to your look.</div></div><div class=\"text-base text-puma-black max-w-xl\" style=\"--tw-ring-inset:var(--tw-empty, ); --tw-ring-offset-width:0px; --tw-ring-offset-color:#fff; --tw-ring-color:rgba(140,145,152,var(--tw-ring-opacity,1)); --tw-ring-offset-shadow:0 0 transparent; --tw-ring-shadow:0 0 transparent; border: 0px solid rgb(229, 231, 235); --tw-shadow:0 0 transparent; --tw-text-opacity:1; color: rgba(24,24,24,var(--tw-text-opacity)); font-size: medium; line-height: 1.5; max-width: 36rem; --tw-space-y-reverse:0; margin-bottom: calc(1rem * var(--tw-space-y-reverse)); margin-top: calc(1rem * calc(1 - var(--tw-space-y-reverse))); font-family: FFDINforPuma, Inter, -apple-system, system-ui, BlinkMacSystemFont, &quot;Segoe UI&quot;, Roboto, &quot;Helvetica Neue&quot;, Arial, sans-serif; outline: none !important;\"><ul class=\"list-disc list-inside mt-4 text-puma-gold\" style=\"--tw-ring-inset:var(--tw-empty, ); --tw-ring-offset-width:0px; --tw-ring-offset-color:#fff; --tw-ring-color:rgba(140,145,152,var(--tw-ring-opacity,1)); --tw-ring-offset-shadow:0 0 transparent; --tw-ring-shadow:0 0 transparent; border: 0px solid rgb(229, 231, 235); --tw-shadow:0 0 transparent; margin: 1rem 0px 0px; padding: 0px; list-style-position: inside; list-style-image: initial; --tw-text-opacity:1; color: rgba(138,115,80,var(--tw-text-opacity)); outline: none !important;\"><li style=\"--tw-ring-inset:var(--tw-empty, ); --tw-ring-offset-width:0px; --tw-ring-offset-color:#fff; --tw-ring-color:rgba(140,145,152,var(--tw-ring-opacity,1)); --tw-ring-offset-shadow:0 0 transparent; --tw-ring-shadow:0 0 transparent; border: 0px solid rgb(229, 231, 235); --tw-shadow:0 0 transparent; outline: none !important;\"><span class=\"text-puma-black\" style=\"--tw-ring-inset:var(--tw-empty, ); --tw-ring-offset-width:0px; --tw-ring-offset-color:#fff; --tw-ring-color:rgba(140,145,152,var(--tw-ring-opacity,1)); --tw-ring-offset-shadow:0 0 transparent; --tw-ring-shadow:0 0 transparent; border: 0px solid rgb(229, 231, 235); --tw-shadow:0 0 transparent; --tw-text-opacity:1; color: rgba(24,24,24,var(--tw-text-opacity)); outline: none !important;\">Style:&nbsp;393393_01</span></li><li style=\"--tw-ring-inset:var(--tw-empty, ); --tw-ring-offset-width:0px; --tw-ring-offset-color:#fff; --tw-ring-color:rgba(140,145,152,var(--tw-ring-opacity,1)); --tw-ring-offset-shadow:0 0 transparent; --tw-ring-shadow:0 0 transparent; border: 0px solid rgb(229, 231, 235); --tw-shadow:0 0 transparent; outline: none !important;\"><span class=\"text-puma-black\" style=\"--tw-ring-inset:var(--tw-empty, ); --tw-ring-offset-width:0px; --tw-ring-offset-color:#fff; --tw-ring-color:rgba(140,145,152,var(--tw-ring-opacity,1)); --tw-ring-offset-shadow:0 0 transparent; --tw-ring-shadow:0 0 transparent; border: 0px solid rgb(229, 231, 235); --tw-shadow:0 0 transparent; --tw-text-opacity:1; color: rgba(24,24,24,var(--tw-text-opacity)); outline: none !important;\">Color:&nbsp;PUMA White-Parisian Night-Harbor Mist-For All Time Red</span></li></ul></div>', 3, '2023-04-05 17:18:51', '2023-04-05 17:18:51', 38, 0, ''),
(68, 'PUMA NYC Suede Triplex Park Flagship Men\'s Sneaker', 1999000, 100, 'uploads/PUMA NYC Suede Triplex Park Flagship Men\'s Sneaker.png', '<div class=\"text-base text-puma-black max-w-xl\" style=\"--tw-ring-inset:var(--tw-empty, ); --tw-ring-offset-width:0px; --tw-ring-offset-color:#fff; --tw-ring-color:rgba(140,145,152,var(--tw-ring-opacity,1)); --tw-ring-offset-shadow:0 0 transparent; --tw-ring-shadow:0 0 transparent; border: 0px solid rgb(229, 231, 235); --tw-shadow:0 0 transparent; --tw-text-opacity:1; color: rgba(24,24,24,var(--tw-text-opacity)); font-size: medium; line-height: 1.5; max-width: 36rem; --tw-space-y-reverse:0; margin-bottom: calc(1rem * var(--tw-space-y-reverse)); margin-top: calc(1rem * calc(1 - var(--tw-space-y-reverse))); font-family: FFDINforPuma, Inter, -apple-system, system-ui, BlinkMacSystemFont, &quot;Segoe UI&quot;, Roboto, &quot;Helvetica Neue&quot;, Arial, sans-serif; display: -webkit-box; -webkit-line-clamp: 2; -webkit-box-orient: vertical; overflow: hidden; outline: none !important;\"><div style=\"--tw-ring-inset:var(--tw-empty, ); --tw-ring-offset-width:0px; --tw-ring-offset-color:#fff; --tw-ring-color:rgba(140,145,152,var(--tw-ring-opacity,1)); --tw-ring-offset-shadow:0 0 transparent; --tw-ring-shadow:0 0 transparent; border: 0px solid rgb(229, 231, 235); --tw-shadow:0 0 transparent; outline: none !important;\"><ul style=\"--tw-ring-inset:var(--tw-empty, ); --tw-ring-offset-width:0px; --tw-ring-offset-color:#fff; --tw-ring-color:rgba(140,145,152,var(--tw-ring-opacity,1)); --tw-ring-offset-shadow:0 0 transparent; --tw-ring-shadow:0 0 transparent; border: 0px solid rgb(229, 231, 235); --tw-shadow:0 0 transparent; margin-right: 0px; margin-bottom: 0px; margin-left: 0px; padding: 0px; list-style: none; outline: none !important;\"><li style=\"--tw-ring-inset:var(--tw-empty, ); --tw-ring-offset-width:0px; --tw-ring-offset-color:#fff; --tw-ring-color:rgba(140,145,152,var(--tw-ring-opacity,1)); --tw-ring-offset-shadow:0 0 transparent; --tw-ring-shadow:0 0 transparent; border: 0px solid rgb(229, 231, 235); --tw-shadow:0 0 transparent; outline: none !important;\">Style is tripled with the Suede Triplex Park Flagship Sneaker. Featuring a tripled-up Formstrip and amplified design details, along with colorful nods to NYC\'s baseball culture, this sneaker fuses flair with design for a street-ready look.</li></ul><ul style=\"--tw-ring-inset:var(--tw-empty, ); --tw-ring-offset-width:0px; --tw-ring-offset-color:#fff; --tw-ring-color:rgba(140,145,152,var(--tw-ring-opacity,1)); --tw-ring-offset-shadow:0 0 transparent; --tw-ring-shadow:0 0 transparent; border: 0px solid rgb(229, 231, 235); --tw-shadow:0 0 transparent; margin-right: 0px; margin-bottom: 0px; margin-left: 0px; padding: 0px; list-style: none; outline: none !important;\"><li style=\"--tw-ring-inset:var(--tw-empty, ); --tw-ring-offset-width:0px; --tw-ring-offset-color:#fff; --tw-ring-color:rgba(140,145,152,var(--tw-ring-opacity,1)); --tw-ring-offset-shadow:0 0 transparent; --tw-ring-shadow:0 0 transparent; border: 0px solid rgb(229, 231, 235); --tw-shadow:0 0 transparent; outline: none !important;\">Low boot</li><li style=\"--tw-ring-inset:var(--tw-empty, ); --tw-ring-offset-width:0px; --tw-ring-offset-color:#fff; --tw-ring-color:rgba(140,145,152,var(--tw-ring-opacity,1)); --tw-ring-offset-shadow:0 0 transparent; --tw-ring-shadow:0 0 transparent; border: 0px solid rgb(229, 231, 235); --tw-shadow:0 0 transparent; outline: none !important;\">Lace enclosure</li><li style=\"--tw-ring-inset:var(--tw-empty, ); --tw-ring-offset-width:0px; --tw-ring-offset-color:#fff; --tw-ring-color:rgba(140,145,152,var(--tw-ring-opacity,1)); --tw-ring-offset-shadow:0 0 transparent; --tw-ring-shadow:0 0 transparent; border: 0px solid rgb(229, 231, 235); --tw-shadow:0 0 transparent; outline: none !important;\">PUMA branding details</li></ul></div></div><div class=\"text-base text-puma-black max-w-xl\" style=\"--tw-ring-inset:var(--tw-empty, ); --tw-ring-offset-width:0px; --tw-ring-offset-color:#fff; --tw-ring-color:rgba(140,145,152,var(--tw-ring-opacity,1)); --tw-ring-offset-shadow:0 0 transparent; --tw-ring-shadow:0 0 transparent; border: 0px solid rgb(229, 231, 235); --tw-shadow:0 0 transparent; --tw-text-opacity:1; color: rgba(24,24,24,var(--tw-text-opacity)); font-size: medium; line-height: 1.5; max-width: 36rem; --tw-space-y-reverse:0; margin-bottom: calc(1rem * var(--tw-space-y-reverse)); margin-top: calc(1rem * calc(1 - var(--tw-space-y-reverse))); font-family: FFDINforPuma, Inter, -apple-system, system-ui, BlinkMacSystemFont, &quot;Segoe UI&quot;, Roboto, &quot;Helvetica Neue&quot;, Arial, sans-serif; outline: none !important;\"><ul class=\"list-disc list-inside mt-4 text-puma-gold\" style=\"--tw-ring-inset:var(--tw-empty, ); --tw-ring-offset-width:0px; --tw-ring-offset-color:#fff; --tw-ring-color:rgba(140,145,152,var(--tw-ring-opacity,1)); --tw-ring-offset-shadow:0 0 transparent; --tw-ring-shadow:0 0 transparent; border: 0px solid rgb(229, 231, 235); --tw-shadow:0 0 transparent; margin: 1rem 0px 0px; padding: 0px; list-style-position: inside; list-style-image: initial; --tw-text-opacity:1; color: rgba(138,115,80,var(--tw-text-opacity)); outline: none !important;\"><li style=\"--tw-ring-inset:var(--tw-empty, ); --tw-ring-offset-width:0px; --tw-ring-offset-color:#fff; --tw-ring-color:rgba(140,145,152,var(--tw-ring-opacity,1)); --tw-ring-offset-shadow:0 0 transparent; --tw-ring-shadow:0 0 transparent; border: 0px solid rgb(229, 231, 235); --tw-shadow:0 0 transparent; outline: none !important;\"><span class=\"text-puma-black\" style=\"--tw-ring-inset:var(--tw-empty, ); --tw-ring-offset-width:0px; --tw-ring-offset-color:#fff; --tw-ring-color:rgba(140,145,152,var(--tw-ring-opacity,1)); --tw-ring-offset-shadow:0 0 transparent; --tw-ring-shadow:0 0 transparent; border: 0px solid rgb(229, 231, 235); --tw-shadow:0 0 transparent; --tw-text-opacity:1; color: rgba(24,24,24,var(--tw-text-opacity)); outline: none !important;\">Style:&nbsp;393389_01</span></li><li style=\"--tw-ring-inset:var(--tw-empty, ); --tw-ring-offset-width:0px; --tw-ring-offset-color:#fff; --tw-ring-color:rgba(140,145,152,var(--tw-ring-opacity,1)); --tw-ring-offset-shadow:0 0 transparent; --tw-ring-shadow:0 0 transparent; border: 0px solid rgb(229, 231, 235); --tw-shadow:0 0 transparent; outline: none !important;\"><span class=\"text-puma-black\" style=\"--tw-ring-inset:var(--tw-empty, ); --tw-ring-offset-width:0px; --tw-ring-offset-color:#fff; --tw-ring-color:rgba(140,145,152,var(--tw-ring-opacity,1)); --tw-ring-offset-shadow:0 0 transparent; --tw-ring-shadow:0 0 transparent; border: 0px solid rgb(229, 231, 235); --tw-shadow:0 0 transparent; --tw-text-opacity:1; color: rgba(24,24,24,var(--tw-text-opacity)); outline: none !important;\">Color:&nbsp;Parisian Night-Vine-For All Time Red</span></li></ul></div>', 3, '2023-04-05 17:41:57', '2023-04-05 17:41:57', 38, 0, '');
INSERT INTO `product` (`id`, `title`, `price`, `number`, `thumbnail`, `content`, `id_category`, `created_at`, `updated_at`, `size`, `sale`, `color`) VALUES
(69, 'PUMA NYC Slipstream Park Flagship Men\'s Sneaker', 2350000, 100, 'uploads/PUMA NYC Slipstream Park Flagship Men\'s Sneaker.png', '<div class=\"text-base text-puma-black max-w-xl\" style=\"--tw-ring-inset:var(--tw-empty, ); --tw-ring-offset-width:0px; --tw-ring-offset-color:#fff; --tw-ring-color:rgba(140,145,152,var(--tw-ring-opacity,1)); --tw-ring-offset-shadow:0 0 transparent; --tw-ring-shadow:0 0 transparent; border: 0px solid rgb(229, 231, 235); --tw-shadow:0 0 transparent; --tw-text-opacity:1; color: rgba(24,24,24,var(--tw-text-opacity)); font-size: medium; line-height: 1.5; max-width: 36rem; --tw-space-y-reverse:0; margin-bottom: calc(1rem * var(--tw-space-y-reverse)); margin-top: calc(1rem * calc(1 - var(--tw-space-y-reverse))); font-family: FFDINforPuma, Inter, -apple-system, system-ui, BlinkMacSystemFont, &quot;Segoe UI&quot;, Roboto, &quot;Helvetica Neue&quot;, Arial, sans-serif; display: -webkit-box; -webkit-line-clamp: 2; -webkit-box-orient: vertical; overflow: hidden; outline: none !important;\"><div style=\"--tw-ring-inset:var(--tw-empty, ); --tw-ring-offset-width:0px; --tw-ring-offset-color:#fff; --tw-ring-color:rgba(140,145,152,var(--tw-ring-opacity,1)); --tw-ring-offset-shadow:0 0 transparent; --tw-ring-shadow:0 0 transparent; border: 0px solid rgb(229, 231, 235); --tw-shadow:0 0 transparent; outline: none !important;\">Born in the 80s, re-celebrated in the 2000s and re-imagined today, the Slipstream combines a classic silhouette with re-energized details. Taking its cues from New York\'s baseball culture, these kicks are the perfect sneaker for a trip to the ballpark.</div></div><div class=\"text-base text-puma-black max-w-xl\" style=\"--tw-ring-inset:var(--tw-empty, ); --tw-ring-offset-width:0px; --tw-ring-offset-color:#fff; --tw-ring-color:rgba(140,145,152,var(--tw-ring-opacity,1)); --tw-ring-offset-shadow:0 0 transparent; --tw-ring-shadow:0 0 transparent; border: 0px solid rgb(229, 231, 235); --tw-shadow:0 0 transparent; --tw-text-opacity:1; color: rgba(24,24,24,var(--tw-text-opacity)); font-size: medium; line-height: 1.5; max-width: 36rem; --tw-space-y-reverse:0; margin-bottom: calc(1rem * var(--tw-space-y-reverse)); margin-top: calc(1rem * calc(1 - var(--tw-space-y-reverse))); font-family: FFDINforPuma, Inter, -apple-system, system-ui, BlinkMacSystemFont, &quot;Segoe UI&quot;, Roboto, &quot;Helvetica Neue&quot;, Arial, sans-serif; outline: none !important;\"><ul class=\"list-disc list-inside mt-4 text-puma-gold\" style=\"--tw-ring-inset:var(--tw-empty, ); --tw-ring-offset-width:0px; --tw-ring-offset-color:#fff; --tw-ring-color:rgba(140,145,152,var(--tw-ring-opacity,1)); --tw-ring-offset-shadow:0 0 transparent; --tw-ring-shadow:0 0 transparent; border: 0px solid rgb(229, 231, 235); --tw-shadow:0 0 transparent; margin: 1rem 0px 0px; padding: 0px; list-style-position: inside; list-style-image: initial; --tw-text-opacity:1; color: rgba(138,115,80,var(--tw-text-opacity)); outline: none !important;\"><li style=\"--tw-ring-inset:var(--tw-empty, ); --tw-ring-offset-width:0px; --tw-ring-offset-color:#fff; --tw-ring-color:rgba(140,145,152,var(--tw-ring-opacity,1)); --tw-ring-offset-shadow:0 0 transparent; --tw-ring-shadow:0 0 transparent; border: 0px solid rgb(229, 231, 235); --tw-shadow:0 0 transparent; outline: none !important;\"><span class=\"text-puma-black\" style=\"--tw-ring-inset:var(--tw-empty, ); --tw-ring-offset-width:0px; --tw-ring-offset-color:#fff; --tw-ring-color:rgba(140,145,152,var(--tw-ring-opacity,1)); --tw-ring-offset-shadow:0 0 transparent; --tw-ring-shadow:0 0 transparent; border: 0px solid rgb(229, 231, 235); --tw-shadow:0 0 transparent; --tw-text-opacity:1; color: rgba(24,24,24,var(--tw-text-opacity)); outline: none !important;\">Style:&nbsp;393394_01</span></li><li style=\"--tw-ring-inset:var(--tw-empty, ); --tw-ring-offset-width:0px; --tw-ring-offset-color:#fff; --tw-ring-color:rgba(140,145,152,var(--tw-ring-opacity,1)); --tw-ring-offset-shadow:0 0 transparent; --tw-ring-shadow:0 0 transparent; border: 0px solid rgb(229, 231, 235); --tw-shadow:0 0 transparent; outline: none !important;\"><span class=\"text-puma-black\" style=\"--tw-ring-inset:var(--tw-empty, ); --tw-ring-offset-width:0px; --tw-ring-offset-color:#fff; --tw-ring-color:rgba(140,145,152,var(--tw-ring-opacity,1)); --tw-ring-offset-shadow:0 0 transparent; --tw-ring-shadow:0 0 transparent; border: 0px solid rgb(229, 231, 235); --tw-shadow:0 0 transparent; --tw-text-opacity:1; color: rgba(24,24,24,var(--tw-text-opacity)); outline: none !important;\">Color:&nbsp;Warm White-Harbor Mist-For All Time Red</span></li></ul></div>', 3, '2023-04-05 17:59:58', '2023-04-05 17:59:58', 38, 0, ''),
(70, 'PUMA-180 Sneakers', 2110000, 100, 'uploads/PUMA-180 Sneakers.png', '<div class=\"text-base text-puma-black max-w-xl\" style=\"--tw-ring-inset:var(--tw-empty, ); --tw-ring-offset-width:0px; --tw-ring-offset-color:#fff; --tw-ring-color:rgba(140,145,152,var(--tw-ring-opacity,1)); --tw-ring-offset-shadow:0 0 transparent; --tw-ring-shadow:0 0 transparent; border: 0px solid rgb(229, 231, 235); --tw-shadow:0 0 transparent; --tw-text-opacity:1; color: rgba(24,24,24,var(--tw-text-opacity)); font-size: medium; line-height: 1.5; max-width: 36rem; --tw-space-y-reverse:0; margin-bottom: calc(1rem * var(--tw-space-y-reverse)); margin-top: calc(1rem * calc(1 - var(--tw-space-y-reverse))); font-family: FFDINforPuma, Inter, -apple-system, system-ui, BlinkMacSystemFont, &quot;Segoe UI&quot;, Roboto, &quot;Helvetica Neue&quot;, Arial, sans-serif; display: -webkit-box; -webkit-line-clamp: 2; -webkit-box-orient: vertical; overflow: hidden; outline: none !important;\"><div style=\"--tw-ring-inset:var(--tw-empty, ); --tw-ring-offset-width:0px; --tw-ring-offset-color:#fff; --tw-ring-color:rgba(140,145,152,var(--tw-ring-opacity,1)); --tw-ring-offset-shadow:0 0 transparent; --tw-ring-shadow:0 0 transparent; border: 0px solid rgb(229, 231, 235); --tw-shadow:0 0 transparent; outline: none !important;\">We\'re tapping into the \'90s skate aesthetic and revamping it for today\'s generation of skaters with the PUMA-180. This sneaker reps a chunky design, thick padding, and a lo-fi technical upper.</div></div><div class=\"text-base text-puma-black max-w-xl\" style=\"--tw-ring-inset:var(--tw-empty, ); --tw-ring-offset-width:0px; --tw-ring-offset-color:#fff; --tw-ring-color:rgba(140,145,152,var(--tw-ring-opacity,1)); --tw-ring-offset-shadow:0 0 transparent; --tw-ring-shadow:0 0 transparent; border: 0px solid rgb(229, 231, 235); --tw-shadow:0 0 transparent; --tw-text-opacity:1; color: rgba(24,24,24,var(--tw-text-opacity)); font-size: medium; line-height: 1.5; max-width: 36rem; --tw-space-y-reverse:0; margin-bottom: calc(1rem * var(--tw-space-y-reverse)); margin-top: calc(1rem * calc(1 - var(--tw-space-y-reverse))); font-family: FFDINforPuma, Inter, -apple-system, system-ui, BlinkMacSystemFont, &quot;Segoe UI&quot;, Roboto, &quot;Helvetica Neue&quot;, Arial, sans-serif; outline: none !important;\"><ul class=\"list-disc list-inside mt-4 text-puma-gold\" style=\"--tw-ring-inset:var(--tw-empty, ); --tw-ring-offset-width:0px; --tw-ring-offset-color:#fff; --tw-ring-color:rgba(140,145,152,var(--tw-ring-opacity,1)); --tw-ring-offset-shadow:0 0 transparent; --tw-ring-shadow:0 0 transparent; border: 0px solid rgb(229, 231, 235); --tw-shadow:0 0 transparent; margin: 1rem 0px 0px; padding: 0px; list-style-position: inside; list-style-image: initial; --tw-text-opacity:1; color: rgba(138,115,80,var(--tw-text-opacity)); outline: none !important;\"><li style=\"--tw-ring-inset:var(--tw-empty, ); --tw-ring-offset-width:0px; --tw-ring-offset-color:#fff; --tw-ring-color:rgba(140,145,152,var(--tw-ring-opacity,1)); --tw-ring-offset-shadow:0 0 transparent; --tw-ring-shadow:0 0 transparent; border: 0px solid rgb(229, 231, 235); --tw-shadow:0 0 transparent; outline: none !important;\"><span class=\"text-puma-black\" style=\"--tw-ring-inset:var(--tw-empty, ); --tw-ring-offset-width:0px; --tw-ring-offset-color:#fff; --tw-ring-color:rgba(140,145,152,var(--tw-ring-opacity,1)); --tw-ring-offset-shadow:0 0 transparent; --tw-ring-shadow:0 0 transparent; border: 0px solid rgb(229, 231, 235); --tw-shadow:0 0 transparent; --tw-text-opacity:1; color: rgba(24,24,24,var(--tw-text-opacity)); outline: none !important;\">Style:&nbsp;389267_01</span></li><li style=\"--tw-ring-inset:var(--tw-empty, ); --tw-ring-offset-width:0px; --tw-ring-offset-color:#fff; --tw-ring-color:rgba(140,145,152,var(--tw-ring-opacity,1)); --tw-ring-offset-shadow:0 0 transparent; --tw-ring-shadow:0 0 transparent; border: 0px solid rgb(229, 231, 235); --tw-shadow:0 0 transparent; outline: none !important;\"><span class=\"text-puma-black\" style=\"--tw-ring-inset:var(--tw-empty, ); --tw-ring-offset-width:0px; --tw-ring-offset-color:#fff; --tw-ring-color:rgba(140,145,152,var(--tw-ring-opacity,1)); --tw-ring-offset-shadow:0 0 transparent; --tw-ring-shadow:0 0 transparent; border: 0px solid rgb(229, 231, 235); --tw-shadow:0 0 transparent; --tw-text-opacity:1; color: rgba(24,24,24,var(--tw-text-opacity)); outline: none !important;\">Colour:&nbsp;Vapor Gray-Navy Blazer-Gum</span></li></ul></div>', 3, '2023-04-05 18:16:02', '2023-04-05 18:16:02', 38, 0, ''),
(73, 'GIÀY NEW BALANCE VIAZA', 1390000, 100, 'uploads/GIÀY NEW BALANCE VIAZA.png', '<p style=\"margin-right: 0px; margin-bottom: 15px; margin-left: 0px; color: rgb(51, 51, 51); font-family: Arial, Helvetica, sans-serif; font-size: 14px;\"><em><span style=\"font-size: 16px;\"><span style=\"font-family: &quot;Times New Roman&quot;, Times, serif;\">Giày New Balance Viaza</span></span><span style=\"font-size: 16px;\"><span style=\"font-family: &quot;Times New Roman&quot;, Times, serif;\"></span></span><span style=\"font-size: 16px;\"><span style=\"font-family: &quot;Times New Roman&quot;, Times, serif;\"></span></span><span style=\"font-size: 16px;\"><span style=\"font-family: &quot;Times New Roman&quot;, Times, serif;\"></span></span><span style=\"font-size: 16px;\"><span style=\"font-family: &quot;Times New Roman&quot;, Times, serif;\">&nbsp;mẫu giày thể thao&nbsp;được thiết kế&nbsp;rất đẹp, với công nghệ đế&nbsp;</span></span><span style=\"font-size: 16px;\"><span style=\"font-family: &quot;Times New Roman&quot;, Times, serif;\">FRESH FOAM độc quyền của&nbsp;</span></span><span style=\"font-size: 16px;\"><span style=\"font-family: &quot;Times New Roman&quot;, Times, serif;\">New Balance giúp cho đôi giày trở lên cực kỳ êm và&nbsp;nhẹ nhàng khi di chuyển.</span></span><span style=\"font-size: 16px;\"><span style=\"font-family: &quot;Times New Roman&quot;, Times, serif;\"></span></span></em><span style=\"font-size: 16px;\"><span style=\"font-family: &quot;Times New Roman&quot;, Times, serif;\"></span></span></p><p style=\"margin-right: 0px; margin-bottom: 15px; margin-left: 0px; color: rgb(51, 51, 51); font-family: Arial, Helvetica, sans-serif; font-size: 14px;\"><span style=\"font-size: 16px;\"><span style=\"font-family: &quot;Times New Roman&quot;, Times, serif;\">New Balance Viaza có phần upper được làm từ chất liệu vải mesh thoáng khí giúp bạn vận động cả ngày dài. Đây cũng là mẫu giày chạy bộ, tập gym, chơi thể thao rất tốt.</span></span></p>', 51, '2023-04-05 18:07:13', '2023-04-05 18:07:13', 38, 0, ''),
(74, 'vans sk8-hi flame reissue', 3519000, 100, 'uploads/vans sk8-hi flame reissue.png', '', 48, '2023-04-06 18:38:13', '2023-04-06 18:38:13', 38, 0, ''),
(76, 'vans old skool skate', 3829000, 100, 'uploads/vans old skool skate.png', '', 48, '2023-04-06 18:34:14', '2023-04-06 18:34:14', 38, 0, ''),
(78, 'vans', 4109000, 100, 'uploads/vans.png', '', 48, '2023-04-06 18:40:15', '2023-04-06 18:40:15', 38, 0, ''),
(80, 'vans green', 3959000, 100, 'uploads/vans green.png', '', 48, '2023-04-06 18:54:18', '2023-04-06 18:54:18', 38, 0, ''),
(81, 'vans red', 4999000, 100, 'uploads/vans red.png', '', 48, '2023-04-06 18:43:19', '2023-04-06 18:43:19', 38, 0, ''),
(82, 'converse 1970s xanh navy', 3519000, 100, 'uploads/converse 1970s xanh navy.png', '', 49, '2023-04-06 18:58:22', '2023-04-06 18:58:22', 38, 0, ''),
(83, 'converse all star 1970s', 4109000, 100, 'uploads/converse all star 1970s.png', '', 49, '2023-04-06 18:20:23', '2023-04-06 18:20:23', 38, 0, ''),
(84, 'converse chuck taylor 1970s kem cổ thấp', 5000000, 100, 'uploads/converse chuck taylor 1970s kem cổ thấp.png', '', 49, '2023-04-06 18:42:23', '2023-04-06 18:42:23', 38, 0, ''),
(85, 'converse chuck taylor 1970s', 4999000, 100, 'uploads/converse chuck taylor 1970s.png', '', 49, '2023-04-06 18:15:24', '2023-04-06 18:15:24', 38, 0, ''),
(86, 'converse', 4999000, 100, 'uploads/converse.png', '', 49, '2023-04-06 18:36:24', '2023-04-06 18:36:24', 38, 0, ''),
(87, 'balenciaga triple S xanh đỏ', 4999000, 100, 'uploads/balenciaga triple S xanh đỏ.png', '', 51, '2023-04-06 18:00:27', '2023-04-06 18:00:27', 38, 0, ''),
(88, 'balenciaga multicolor', 4109000, 100, 'uploads/balenciaga multicolor.png', '', 51, '2023-04-06 18:23:27', '2023-04-06 18:23:27', 38, 0, '');

-- --------------------------------------------------------

--
-- Table structure for table `user`
--

CREATE TABLE `user` (
  `id_user` int(11) NOT NULL,
  `hoten` varchar(255) CHARACTER SET utf8 COLLATE utf8_general_ci NOT NULL,
  `username` varchar(255) CHARACTER SET utf8 COLLATE utf8_general_ci NOT NULL,
  `password` varchar(255) CHARACTER SET utf8 COLLATE utf8_general_ci NOT NULL,
  `phone` varchar(28) CHARACTER SET utf8 COLLATE utf8_general_ci NOT NULL,
  `email` varchar(255) CHARACTER SET utf8 COLLATE utf8_general_ci NOT NULL
) ENGINE=InnoDB DEFAULT CHARSET=utf8mb4 COLLATE=utf8mb4_general_ci;

--
-- Dumping data for table `user`
--

INSERT INTO `user` (`id_user`, `hoten`, `username`, `password`, `phone`, `email`) VALUES
(59, 'trinh huu tien', 'huutien', '123456', '0946765531', 'huutien3946@gmail.com'),
(60, 'Phan Tiến', 'tien', '123456', '0971876233', 'qtien2109@gmail.com'),
(61, 'admin', 'admin', '123456', '0123456789', 'admin@gmail.com');

--
-- Indexes for dumped tables
--

--
-- Indexes for table `category`
--
ALTER TABLE `category`
  ADD PRIMARY KEY (`id`);

--
-- Indexes for table `orders`
--
ALTER TABLE `orders`
  ADD PRIMARY KEY (`id`);

--
-- Indexes for table `order_details`
--
ALTER TABLE `order_details`
  ADD PRIMARY KEY (`id`),
  ADD KEY `product_id` (`product_id`),
  ADD KEY `order_id` (`order_id`),
  ADD KEY `id_user` (`id_user`);

--
-- Indexes for table `product`
--
ALTER TABLE `product`
  ADD PRIMARY KEY (`id`),
  ADD KEY `id_category` (`id_category`);

--
-- Indexes for table `user`
--
ALTER TABLE `user`
  ADD PRIMARY KEY (`id_user`);

--
-- AUTO_INCREMENT for dumped tables
--

--
-- AUTO_INCREMENT for table `category`
--
ALTER TABLE `category`
  MODIFY `id` int(11) NOT NULL AUTO_INCREMENT, AUTO_INCREMENT=52;

--
-- AUTO_INCREMENT for table `orders`
--
ALTER TABLE `orders`
  MODIFY `id` int(11) NOT NULL AUTO_INCREMENT, AUTO_INCREMENT=163;

--
-- AUTO_INCREMENT for table `order_details`
--
ALTER TABLE `order_details`
  MODIFY `id` int(11) NOT NULL AUTO_INCREMENT, AUTO_INCREMENT=177;

--
-- AUTO_INCREMENT for table `product`
--
ALTER TABLE `product`
  MODIFY `id` int(11) NOT NULL AUTO_INCREMENT, AUTO_INCREMENT=89;

--
-- AUTO_INCREMENT for table `user`
--
ALTER TABLE `user`
  MODIFY `id_user` int(11) NOT NULL AUTO_INCREMENT, AUTO_INCREMENT=62;

--
-- Constraints for dumped tables
--

--
-- Constraints for table `order_details`
--
ALTER TABLE `order_details`
  ADD CONSTRAINT `order_details_ibfk_1` FOREIGN KEY (`product_id`) REFERENCES `product` (`id`),
  ADD CONSTRAINT `order_details_ibfk_2` FOREIGN KEY (`order_id`) REFERENCES `orders` (`id`),
  ADD CONSTRAINT `order_details_ibfk_3` FOREIGN KEY (`id_user`) REFERENCES `user` (`id_user`);

--
-- Constraints for table `product`
--
ALTER TABLE `product`
  ADD CONSTRAINT `product_ibfk_1` FOREIGN KEY (`id_category`) REFERENCES `category` (`id`);
COMMIT;

/*!40101 SET CHARACTER_SET_CLIENT=@OLD_CHARACTER_SET_CLIENT */;
/*!40101 SET CHARACTER_SET_RESULTS=@OLD_CHARACTER_SET_RESULTS */;
/*!40101 SET COLLATION_CONNECTION=@OLD_COLLATION_CONNECTION */;
